{"cameraMode":{"drawMode":0,"name":"Shaded","section":"Shading Mode"},"sceneLighting":true,"audioPlay":false,"sceneViewState":{"m_AlwaysRefresh":false,"showFog":true,"showSkybox":true,"showFlares":true,"showImageEffects":true,"showParticleSystems":true,"showVisualEffectGraphs":true,"m_FxEnabled":true},"in2DMode":false,"pivot":{"x":1.4242265224456788,"y":0.10332697629928589,"z":-1.0644497871398926},"rotation":{"x":-0.15686744451522828,"y":0.8376250267028809,"z":-0.31385087966918948,"w":-0.41865745186805727},"size":2.4762425422668459,"orthographic":true}